NEODEN,YY1,P&P FILE,,,,,,,,,,,
,,,,,,,,,,,,,
PanelizedPCB,UnitLength,0,UnitWidth,0,Rows,1,Columns,1,
,,,,,,,,,,,,,
Fiducial,1-X,0,1-Y,0,OverallOffsetX,0.00,OverallOffsetY,0.00,
,,,,,,,,,,,,,
NozzleChange,OFF,BeforeComponent,1,Head1,Drop,Station2,PickUp,Station1,
NozzleChange,OFF,BeforeComponent,2,Head2,Drop,Station3,PickUp,Station2,
NozzleChange,OFF,BeforeComponent,1,Head1,Drop,Station1,PickUp,Station1,
NozzleChange,OFF,BeforeComponent,1,Head1,Drop,Station1,PickUp,Station1,
,,,,,,,,,,,,,
Designator,Comment,Footprint,Mid X(mm),Mid Y(mm),Rotation,Head,FeederNo,Mount Speed(%),Pick Height(mm),Place Height(mm),Mode,Skip
C1,C0603C103F3GACTU,CAPC1608X92,182.69,85.85,90.00,0,1,100,0,0,1,0
C2,06035C104KAZ2A,CAPC1608X90N,183.40,88.16,180.00,0,1,100,0,0,1,0
C3,06035C104KAZ2A,CAPC1608X90N,205.28,20.35,180.00,0,1,100,0,0,1,0
C4,06035C104KAZ2A,CAPC1608X90N,165.80,83.01,270.00,0,1,100,0,0,1,0
C5,06035C104KAZ2A,CAPC1608X90N,165.80,80.19,270.00,0,1,100,0,0,1,0
C6,06035C104KAZ2A,CAPC1608X90N,165.80,77.36,270.00,0,1,100,0,0,1,0
C7,06035C104KAZ2A,CAPC1608X90N,184.22,24.43,180.00,0,1,100,0,0,1,0
C8,06035C104KAZ2A,CAPC1608X90N,187.02,76.78,180.00,0,1,100,0,0,1,0
C9,08055A220JAT2A,CAPC1608X90N,185.50,65.14,90.00,0,1,100,0,0,1,0
C10,08055C105KAT2A,CAPC2012X94,200.11,61.40,0.00,0,1,100,0,0,1,0
C11,06035C104KAZ2A,CAPC1608X90N,199.80,63.10,0.00,0,1,100,0,0,1,0
C12,C0805C101K5RACTU,CAPC2012X120N,200.02,64.80,0.00,0,1,100,0,0,1,0
C13,08055A220JAT2A,CAPC1608X90N,185.50,62.17,270.00,0,1,100,0,0,1,0
C14,06035C104KAZ2A,CAPC1608X90N,195.47,54.70,90.00,0,1,100,0,0,1,0
C15,08055A220JAT2A,CAPC1608X90N,207.70,56.22,270.00,0,1,100,0,0,1,0
C16,08055A220JAT2A,CAPC1608X90N,207.70,59.02,90.00,0,1,100,0,0,1,0
C17,06035C104KAZ2A,CAPC1608X90N,193.60,52.30,270.00,0,1,100,0,0,1,0
C18,12103C106KAT2A,CAPC3225X94N,201.38,54.90,90.00,0,1,100,0,0,1,0
C19,06035C104KAZ2A,CAPC1608X90N,193.38,41.40,270.00,0,1,100,0,0,1,0
C20,12103C106KAT2A,CAPC3225X94N,197.97,38.32,90.00,0,1,100,0,0,1,0
C21,12103C106KAT2A,CAPC3225X94N,188.88,37.90,270.00,0,1,100,0,0,1,0
C22,06035C104KAZ2A,CAPC1608X90N,193.10,35.02,0.00,0,1,100,0,0,1,0
C23,06035C104KAZ2A,CAPC1608X90N,45.16,3.85,0.00,0,1,100,0,0,1,0
C24,06035C104KAZ2A,CAPC1608X90N,44.30,39.16,90.00,0,1,100,0,0,1,0
C25,06035C104KAZ2A,CAPC1608X90N,41.36,35.98,0.00,0,1,100,0,0,1,0
C26,CL32B106KBJNNWE,CAPC3225X280N,204.59,22.75,180.00,0,1,100,0,0,1,0
C27,CL32B106KBJNNWE,CAPC3225X280N,204.50,31.50,0.00,0,1,100,0,0,1,0
C28,1808HC471KAT2A,CAPC4520X102N,182.00,29.75,270.00,0,1,100,0,0,1,0
C29,CL32B106KBJNNWE,CAPC3225X280N,184.47,20.98,270.00,0,1,100,0,0,1,0
C30,06035C104KAZ2A,CAPC1608X90N,56.38,45.42,270.00,0,1,100,0,0,1,0
C31,06035C104KAZ2A,CAPC1608X90N,37.33,45.42,270.00,0,1,100,0,0,1,0
C32,06035C104KAZ2A,CAPC1608X90N,92.16,3.85,0.00,0,1,100,0,0,1,0
C33,06035C104KAZ2A,CAPC1608X90N,91.30,39.16,90.00,0,1,100,0,0,1,0
C34,06035C104KAZ2A,CAPC1608X90N,88.70,35.98,0.00,0,1,100,0,0,1,0
C35,06035C104KAZ2A,CAPC1608X90N,103.13,45.42,270.00,0,1,100,0,0,1,0
C36,06035C104KAZ2A,CAPC1608X90N,84.58,45.42,270.00,0,1,100,0,0,1,0
C37,06035C104KAZ2A,CAPC1608X90N,139.16,3.85,0.00,0,1,100,0,0,1,0
C38,06035C104KAZ2A,CAPC1608X90N,165.80,37.01,270.00,0,1,100,0,0,1,0
C39,06035C104KAZ2A,CAPC1608X90N,165.80,34.19,270.00,0,1,100,0,0,1,0
C40,06035C104KAZ2A,CAPC1608X90N,165.80,31.36,270.00,0,1,100,0,0,1,0
C41,06035C104KAZ2A,CAPC1608X90N,165.80,28.54,270.00,0,1,100,0,0,1,0
C42,06035C104KAZ2A,CAPC1608X90N,165.80,25.01,270.00,0,1,100,0,0,1,0
C43,06035C104KAZ2A,CAPC1608X90N,165.80,22.19,270.00,0,1,100,0,0,1,0
C44,CL32B106KBJNNWE,CAPC3225X280N,142.55,78.33,90.00,0,1,100,0,0,1,0
C45,06035C104KAZ2A,CAPC1608X90N,165.80,19.36,270.00,0,1,100,0,0,1,0
C46,08055C105KAT2A,CAPC2012X94,125.25,72.45,90.00,0,1,100,0,0,1,0
C47,06035C104KAZ2A,CAPC1608X90N,165.80,16.54,270.00,0,1,100,0,0,1,0
C48,06035C104KAZ2A,CAPC1608X90N,165.80,61.01,270.00,0,1,100,0,0,1,0
C50,GRM2195C1H103FA01D,CAPC2012X135N,144.30,71.17,90.00,0,1,100,0,0,1,0
C51,GRM2195C1H103FA01D,CAPC2012X135N,146.85,71.55,0.00,0,1,100,0,0,1,0
C52,CL32B106KBJNNWE,CAPC3225X280N,141.10,73.23,270.00,0,1,100,0,0,1,0
C53,06035C104KAZ2A,CAPC1608X90N,165.80,58.19,270.00,0,1,100,0,0,1,0
C54,08055C105KAT2A,CAPC2012X94,115.25,72.45,90.00,0,1,100,0,0,1,0
C55,06035C104KAZ2A,CAPC1608X90N,165.80,55.36,270.00,0,1,100,0,0,1,0
C57,06035C104KAZ2A,CAPC1608X90N,165.80,52.54,270.00,0,1,100,0,0,1,0
C58,C0805C101K5RACTU,CAPC2012X120N,2.66,12.08,90.00,0,1,100,0,0,1,0
C59,CGA4J2NP01H223J125AA,CAPC2012X145N,10.26,90.31,180.00,0,1,100,0,0,1,0
C60,CL32B106KBJNNWE,CAPC3225X280N,42.33,42.60,0.00,0,1,100,0,0,1,0
C61,06035C104KAZ2A,CAPC1608X90N,165.80,49.01,270.00,0,1,100,0,0,1,0
C62,CL32B106KBJNNWE,CAPC3225X280N,41.80,32.25,180.00,0,1,100,0,0,1,0
C63,06035C104KAZ2A,CAPC1608X90N,165.80,46.19,270.00,0,1,100,0,0,1,0
C64,GRM1885C1H102FA01D,CAPC1608X55N,41.34,34.62,0.00,0,1,100,0,0,1,0
C65,CL32B106KBJNNWE,CAPC3225X280N,89.43,42.60,0.00,0,1,100,0,0,1,0
C66,06035C104KAZ2A,CAPC1608X90N,165.80,43.36,270.00,0,1,100,0,0,1,0
C67,CL32B106KBJNNWE,CAPC3225X280N,88.85,32.25,180.00,0,1,100,0,0,1,0
C68,06035C104KAZ2A,CAPC1608X90N,165.80,40.54,270.00,0,1,100,0,0,1,0
C69,06035C104KAZ2A,CAPC1608X90N,186.16,3.85,0.00,0,1,100,0,0,1,0
C70,GRM1885C1H102FA01D,CAPC1608X55N,88.70,34.62,0.00,0,1,100,0,0,1,0
C71,06035C104KAZ2A,CAPC1608X90N,165.80,72.26,270.00,0,1,100,0,0,1,0
C72,06035C104KAZ2A,CAPC1608X90N,165.80,69.44,270.00,0,1,100,0,0,1,0
C73,06035C104KAZ2A,CAPC1608X90N,165.80,66.61,270.00,0,1,100,0,0,1,0
C74,06035C104KAZ2A,CAPC1608X90N,165.80,63.79,270.00,0,1,100,0,0,1,0
C75,06035C104KAZ2A,CAPC1608X90N,144.95,77.36,270.00,0,1,100,0,0,1,0
C76,06035C104KAZ2A,CAPC1608X90N,126.95,72.70,90.00,0,1,100,0,0,1,0
C77,06035C104KAZ2A,CAPC1608X90N,143.45,74.20,90.00,0,1,100,0,0,1,0
C78,06035C104KAZ2A,CAPC1608X90N,116.95,72.70,90.00,0,1,100,0,0,1,0
C79,06035C104KAZ2A,CAPC1608X90N,162.38,87.40,180.00,0,1,100,0,0,1,0
C80,CGA4J2NP01H223J125AA,CAPC2012X145N,138.24,69.15,90.00,0,1,100,0,0,1,0
C81,06035C104KAZ2A,CAPC1608X90N,194.22,88.69,0.00,0,1,100,0,0,1,0
C82,CL32B106KBJNNWE,CAPC3225X280N,204.28,90.58,0.00,0,1,100,0,0,1,0
C83,06035C104KAZ2A,CAPC1608X90N,204.45,88.20,180.00,0,1,100,0,0,1,0
C84,GRM2195C1H103FA01D,CAPC2012X135N,202.50,82.40,90.00,0,1,100,0,0,1,0
C85,GRM2195C1H103FA01D,CAPC2012X135N,205.07,83.08,0.00,0,1,100,0,0,1,0
C86,CL32B106KBJNNWE,CAPC3225X280N,199.81,84.50,270.00,0,1,100,0,0,1,0
C87,06035C104KAZ2A,CAPC1608X90N,202.15,85.40,90.00,0,1,100,0,0,1,0
C88,CGA4J2NP01H223J125AA,CAPC2012X145N,200.12,91.23,270.00,0,1,100,0,0,1,0
C89,C0603C103F3GACTU,CAPC1608X92,193.72,90.98,270.00,0,1,100,0,0,1,0
C90,06035C104KAZ2A,CAPC1608X90N,194.85,86.45,270.00,0,1,100,0,0,1,0
D1,BAS28,SOT143-4P190,180.25,87.78,90.00,0,1,100,0,0,1,0
D2,SBR80520LT1G,SOD3716X118,200.68,38.50,90.00,0,1,100,0,0,1,0
D3,SBR80520LT1G,SOD3716X118,195.28,38.50,90.00,0,1,100,0,0,1,0
D100,STPS2H100ZFY,SODFL3516X110,129.88,81.80,0.00,0,1,100,0,0,1,0
D101,STPS2H100ZFY,SODFL3516X110,119.80,89.50,0.00,0,1,100,0,0,1,0
DS1,597-3308-202F,LEDM3527X190,10.18,87.58,0.00,0,1,100,0,0,1,0
DS2,597-3308-202F,LEDM3527X190,10.18,82.50,0.00,0,1,100,0,0,1,0
DS35,LTST-C171KGKT,LEDC2012X120N,44.10,35.52,270.00,0,1,100,0,0,1,0
DS36,LTST-C171KGKT,LEDC2012X120N,91.25,35.52,270.00,0,1,100,0,0,1,0
DS37,LTST-C171KGKT,LEDC2012X120N,140.15,69.15,90.00,0,1,100,0,0,1,0
DS38,LTST-C171KGKT,LEDC2012X120N,198.27,91.19,270.00,0,1,100,0,0,1,0
IC1,PIC18F26K83-I_SO,SOIC28P127,192.30,66.20,0.00,0,1,100,0,0,1,0
IC2,MCP23S17_E_SO,SOIC28P127,183.50,10.50,90.00,0,1,100,0,0,1,0
IC3,MCP23S17_E_SO,SOIC28P127,89.50,10.50,90.00,0,1,100,0,0,1,0
IC4,MCP23S17_E_SO,SOIC28P127,136.50,10.50,90.00,0,1,100,0,0,1,0
IC9,MCP23S17_E_SO,SOIC28P127,42.50,10.50,90.00,0,1,100,0,0,1,0
K1,G6K-2G-Y-TR_DC24_DPDT,OMRON,48.48,84.45,0.00,0,1,100,0,0,1,0
K2,G6K-2G-Y-TR_DC24_DPDT,OMRON,48.48,73.45,0.00,0,1,100,0,0,1,0
K3,G6K-2G-Y-TR_DC24_DPDT,OMRON,48.48,62.45,0.00,0,1,100,0,0,1,0
K4,G6K-2G-Y-TR_DC24_DPDT,OMRON,48.48,51.45,0.00,0,1,100,0,0,1,0
K5,G6K-2G-Y-TR_DC24_DPDT,OMRON,60.45,84.45,0.00,0,1,100,0,0,1,0
K6,G6K-2G-Y-TR_DC24_DPDT,OMRON,60.45,73.45,0.00,0,1,100,0,0,1,0
K7,G6K-2G-Y-TR_DC24_DPDT,OMRON,60.45,62.45,0.00,0,1,100,0,0,1,0
K8,G6K-2G-Y-TR_DC24_DPDT,OMRON,60.45,51.45,0.00,0,1,100,0,0,1,0
K9,G6K-2G-Y-TR_DC24_DPDT,OMRON,24.55,84.45,0.00,0,1,100,0,0,1,0
K10,G6K-2G-Y-TR_DC24_DPDT,OMRON,24.55,73.45,0.00,0,1,100,0,0,1,0
K11,G6K-2G-Y-TR_DC24_DPDT,OMRON,24.55,62.45,0.00,0,1,100,0,0,1,0
K12,G6K-2G-Y-TR_DC24_DPDT,OMRON,24.55,51.45,0.00,0,1,100,0,0,1,0
K13,G6K-2G-Y-TR_DC24_DPDT,OMRON,36.52,84.45,0.00,0,1,100,0,0,1,0
K14,G6K-2G-Y-TR_DC24_DPDT,OMRON,36.52,73.45,0.00,0,1,100,0,0,1,0
K15,G6K-2G-Y-TR_DC24_DPDT,OMRON,36.52,62.45,0.00,0,1,100,0,0,1,0
K16,G6K-2G-Y-TR_DC24_DPDT,OMRON,36.52,51.45,0.00,0,1,100,0,0,1,0
K17,G6K-2G-Y-TR_DC24_DPDT,OMRON,95.48,84.45,0.00,0,1,100,0,0,1,0
K18,G6K-2G-Y-TR_DC24_DPDT,OMRON,95.48,73.45,0.00,0,1,100,0,0,1,0
K19,G6K-2G-Y-TR_DC24_DPDT,OMRON,95.48,62.45,0.00,0,1,100,0,0,1,0
K20,G6K-2G-Y-TR_DC24_DPDT,OMRON,95.48,51.45,0.00,0,1,100,0,0,1,0
K21,G6K-2G-Y-TR_DC24_DPDT,OMRON,107.45,84.45,0.00,0,1,100,0,0,1,0
K22,G6K-2G-Y-TR_DC24_DPDT,OMRON,107.45,73.45,0.00,0,1,100,0,0,1,0
K23,G6K-2G-Y-TR_DC24_DPDT,OMRON,107.45,62.45,0.00,0,1,100,0,0,1,0
K24,G6K-2G-Y-TR_DC24_DPDT,OMRON,107.45,51.45,0.00,0,1,100,0,0,1,0
K25,G6K-2G-Y-TR_DC24_DPDT,OMRON,71.55,84.45,0.00,0,1,100,0,0,1,0
K26,G6K-2G-Y-TR_DC24_DPDT,OMRON,71.55,73.45,0.00,0,1,100,0,0,1,0
K27,G6K-2G-Y-TR_DC24_DPDT,OMRON,71.55,62.45,0.00,0,1,100,0,0,1,0
K28,G6K-2G-Y-TR_DC24_DPDT,OMRON,71.55,51.45,0.00,0,1,100,0,0,1,0
K29,G6K-2G-Y-TR_DC24_DPDT,OMRON,83.52,84.45,0.00,0,1,100,0,0,1,0
K30,G6K-2G-Y-TR_DC24_DPDT,OMRON,83.52,73.45,0.00,0,1,100,0,0,1,0
K31,G6K-2G-Y-TR_DC24_DPDT,OMRON,83.52,62.45,0.00,0,1,100,0,0,1,0
K32,G6K-2G-Y-TR_DC24_DPDT,OMRON,83.52,51.45,0.00,0,1,100,0,0,1,0
K33,G6K-2G-Y-TR_DC24_DPDT,OMRON,119.30,84.45,0.00,0,1,100,0,0,1,0
R1,RC0603FR-074K7L,RESC1608X65N,52.47,15.11,270.00,0,1,100,0,0,1,0
R2,RC0603FR-074K7L,RESC1608X65N,99.47,15.11,270.00,0,1,100,0,0,1,0
R3,RC0603FR-074K7L,RESC1608X65N,146.47,15.02,90.00,0,1,100,0,0,1,0
R4,RC0603FR-074K7L,RESC1608X65N,147.81,15.02,90.00,0,1,100,0,0,1,0
R5,RC0805JR-071ML,RESC2012X65N,4.56,12.08,90.00,0,1,100,0,0,1,0
R6,RC0603JR-072K2L,RESC1608X65N,162.40,83.79,0.00,0,1,100,0,0,1,0
R7,RT0603BRD07432KL,RESC1608X65N,204.18,64.34,0.00,0,1,100,0,0,1,0
R8,RT0603BRD07432KL,RESC1608X65N,204.18,63.00,0.00,0,1,100,0,0,1,0
R9,RT0603BRD07432KL,RESC1608X65N,204.18,65.68,180.00,0,1,100,0,0,1,0
R10,RT0603BRD07432KL,RESC1608X65N,204.18,61.66,0.00,0,1,100,0,0,1,0
R11,RC0603JR-070RL,RESC1608X65N,207.04,61.64,180.00,0,1,100,0,0,1,0
R12,RC0603JR-070RL,RESC1608X65N,207.04,71.59,180.00,0,1,100,0,0,1,0
R13,RC0603JR-070RL,RESC1608X65N,207.04,63.38,180.00,0,1,100,0,0,1,0
R14,RC0603FR-07510RL,RESC1608X65N,186.60,85.20,180.00,0,1,100,0,0,1,0
R15,RT0603BRD07432KL,RESC1608X65N,207.04,67.47,0.00,0,1,100,0,0,1,0
R16,RT0603BRD07432KL,RESC1608X65N,207.04,66.13,0.00,0,1,100,0,0,1,0
R17,RT0603BRD07432KL,RESC1608X65N,207.04,68.83,180.00,0,1,100,0,0,1,0
R18,RT0603BRD07432KL,RESC1608X65N,207.04,64.79,0.00,0,1,100,0,0,1,0
R19,WSL2512R1000FEA,RESC6331X88,129.79,78.39,180.00,0,1,100,0,0,1,0
R21,RC0603FR-07510RL,RESC1608X65N,43.60,19.65,90.00,0,1,100,0,0,1,0
R22,RC0603FR-07510RL,RESC1608X65N,46.30,19.65,90.00,0,1,100,0,0,1,0
R23,RC0603FR-07510RL,RESC1608X65N,49.00,19.65,90.00,0,1,100,0,0,1,0
R24,RC0603FR-07510RL,RESC1608X65N,51.70,19.65,90.00,0,1,100,0,0,1,0
R25,RC0603FR-07510RL,RESC1608X65N,55.25,19.66,90.00,0,1,100,0,0,1,0
R26,RC0603FR-07510RL,RESC1608X65N,57.95,19.66,90.00,0,1,100,0,0,1,0
R27,RC0603FR-07510RL,RESC1608X65N,60.65,19.66,90.00,0,1,100,0,0,1,0
R28,RC0603FR-07510RL,RESC1608X65N,63.35,19.66,90.00,0,1,100,0,0,1,0
R29,RC0603FR-07510RL,RESC1608X65N,20.30,19.65,90.00,0,1,100,0,0,1,0
R30,RC0603FR-07510RL,RESC1608X65N,23.00,19.65,90.00,0,1,100,0,0,1,0
R31,RC0603FR-07510RL,RESC1608X65N,25.70,19.65,90.00,0,1,100,0,0,1,0
R32,RC0603FR-07510RL,RESC1608X65N,28.40,19.65,90.00,0,1,100,0,0,1,0
R33,RC0603FR-07510RL,RESC1608X65N,31.95,19.65,90.00,0,1,100,0,0,1,0
R34,RC0603FR-07510RL,RESC1608X65N,34.65,19.65,90.00,0,1,100,0,0,1,0
R35,RC0603FR-07510RL,RESC1608X65N,37.35,19.65,90.00,0,1,100,0,0,1,0
R36,RC0603FR-07510RL,RESC1608X65N,40.05,19.65,90.00,0,1,100,0,0,1,0
R53,RC0603FR-074K7L,RESC1608X65N,91.95,19.65,90.00,0,1,100,0,0,1,0
R54,RC0603FR-074K7L,RESC1608X65N,94.65,19.65,90.00,0,1,100,0,0,1,0
R55,RC0603FR-074K7L,RESC1608X65N,97.35,19.65,90.00,0,1,100,0,0,1,0
R56,RC0603FR-074K7L,RESC1608X65N,100.06,19.65,90.00,0,1,100,0,0,1,0
R57,RC0603FR-074K7L,RESC1608X65N,103.60,19.66,90.00,0,1,100,0,0,1,0
R58,RC0603FR-071KL,RESC1608X65N,102.15,15.11,270.00,0,1,100,0,0,1,0
R59,RC0603FR-074K7L,RESC1608X65N,106.30,19.66,90.00,0,1,100,0,0,1,0
R60,RC0603FR-074K7L,RESC1608X65N,109.00,19.66,90.00,0,1,100,0,0,1,0
R61,RC0603FR-074K7L,RESC1608X65N,111.70,19.66,90.00,0,1,100,0,0,1,0
R62,RC0603FR-074K7L,RESC1608X65N,68.65,19.65,90.00,0,1,100,0,0,1,0
R63,RC0603FR-074K7L,RESC1608X65N,71.35,19.65,90.00,0,1,100,0,0,1,0
R64,RC0603FR-074K7L,RESC1608X65N,74.05,19.65,90.00,0,1,100,0,0,1,0
R65,RC0603FR-074K7L,RESC1608X65N,76.76,19.65,90.00,0,1,100,0,0,1,0
R66,RC0603FR-074K7L,RESC1608X65N,80.30,19.65,90.00,0,1,100,0,0,1,0
R67,RC0603FR-074K7L,RESC1608X65N,83.00,19.65,90.00,0,1,100,0,0,1,0
R68,RC0603FR-074K7L,RESC1608X65N,85.70,19.65,90.00,0,1,100,0,0,1,0
R69,RC0603FR-074K7L,RESC1608X65N,194.81,15.02,270.00,0,1,100,0,0,1,0
R70,RC0603FR-074K7L,RESC1608X65N,88.41,19.65,90.00,0,1,100,0,0,1,0
R71,RC0603FR-074K7L,RESC1608X65N,104.83,15.11,270.00,0,1,100,0,0,1,0
R72,RC0603FR-074K7L,RESC1608X65N,103.49,15.11,270.00,0,1,100,0,0,1,0
R73,RC0603FR-07510RL,RESC1608X65N,90.60,19.65,90.00,0,1,100,0,0,1,0
R74,RC0603FR-07510RL,RESC1608X65N,93.30,19.65,90.00,0,1,100,0,0,1,0
R75,RC0603FR-07510RL,RESC1608X65N,96.00,19.65,90.00,0,1,100,0,0,1,0
R76,RC0603FR-07510RL,RESC1608X65N,98.70,19.65,90.00,0,1,100,0,0,1,0
R77,RC0603FR-07510RL,RESC1608X65N,102.25,19.66,90.00,0,1,100,0,0,1,0
R78,RC0603FR-07510RL,RESC1608X65N,104.95,19.66,90.00,0,1,100,0,0,1,0
R79,RC0603FR-07510RL,RESC1608X65N,107.65,19.66,90.00,0,1,100,0,0,1,0
R80,RC0603FR-07510RL,RESC1608X65N,110.35,19.66,90.00,0,1,100,0,0,1,0
R81,RC0603FR-07510RL,RESC1608X65N,67.30,19.65,90.00,0,1,100,0,0,1,0
R82,RC0603FR-07510RL,RESC1608X65N,70.00,19.65,90.00,0,1,100,0,0,1,0
R83,RC0603FR-07510RL,RESC1608X65N,72.70,19.65,90.00,0,1,100,0,0,1,0
R84,RC0603FR-07510RL,RESC1608X65N,75.40,19.65,90.00,0,1,100,0,0,1,0
R85,RC0603FR-07510RL,RESC1608X65N,78.95,19.65,90.00,0,1,100,0,0,1,0
R86,RC0603FR-07510RL,RESC1608X65N,81.65,19.65,90.00,0,1,100,0,0,1,0
R87,RC0603FR-07510RL,RESC1608X65N,84.35,19.65,90.00,0,1,100,0,0,1,0
R88,RC0603FR-07510RL,RESC1608X65N,87.05,19.65,90.00,0,1,100,0,0,1,0
R102,RC0603FR-074K7L,RESC1608X65N,187.04,79.62,180.00,0,1,100,0,0,1,0
R103,RC0603FR-071KL,RESC1608X65N,187.04,78.21,180.00,0,1,100,0,0,1,0
R104,RC0805FR-07100RL,RESC2012X65N,184.68,74.45,0.00,0,1,100,0,0,1,0
R105,RC0805FR-0710RL,RESC2012X65N,181.20,80.39,0.00,0,1,100,0,0,1,0
R106,RC0805FR-0710RL,RESC2012X65N,181.20,78.54,0.00,0,1,100,0,0,1,0
R107,RC0603JR-072K2L,RESC1608X65N,141.79,69.15,90.00,0,1,100,0,0,1,0
R111,RC0805JR-071ML,RESC2012X65N,8.60,97.00,270.00,0,1,100,0,0,1,0
R112,RC0805JR-071ML,RESC2012X65N,8.60,3.00,90.00,0,1,100,0,0,1,0
R114,RC0805FR-072KL,RESC2012X65N,185.67,54.62,270.00,0,1,100,0,0,1,0
R115,RC0603JR-070RL,RESC1608X65N,53.81,15.11,90.00,0,1,100,0,0,1,0
R116,RC0603JR-070RL,RESC1608X65N,100.81,15.11,90.00,0,1,100,0,0,1,0
R117,RC0603FR-074K7L,RESC1608X65N,138.95,19.98,90.00,0,1,100,0,0,1,0
R118,RC0603FR-074K7L,RESC1608X65N,141.65,19.98,90.00,0,1,100,0,0,1,0
R119,RC0603FR-074K7L,RESC1608X65N,144.35,19.98,90.00,0,1,100,0,0,1,0
R120,RC0603FR-074K7L,RESC1608X65N,147.06,19.98,90.00,0,1,100,0,0,1,0
R121,RMCF0805JT680R,RESC2012X55N,10.18,79.90,0.00,0,1,100,0,0,1,0
R122,RC0603FR-074K7L,RESC1608X65N,150.60,19.98,90.00,0,1,100,0,0,1,0
R124,RC0603FR-071KL,RESC1608X65N,149.15,15.02,270.00,0,1,100,0,0,1,0
R125,RC0603FR-074K7L,RESC1608X65N,153.30,19.98,90.00,0,1,100,0,0,1,0
R126,RC0603FR-074K7L,RESC1608X65N,156.00,19.98,90.00,0,1,100,0,0,1,0
R127,RC0603FR-074K7L,RESC1608X65N,158.70,19.98,90.00,0,1,100,0,0,1,0
R128,RC0603FR-074K7L,RESC1608X65N,115.65,19.98,90.00,0,1,100,0,0,1,0
R129,RC0603FR-074K7L,RESC1608X65N,118.35,19.98,90.00,0,1,100,0,0,1,0
R130,RC0603FR-074K7L,RESC1608X65N,121.05,19.98,90.00,0,1,100,0,0,1,0
R131,RC0603FR-074K7L,RESC1608X65N,123.76,19.98,90.00,0,1,100,0,0,1,0
R132,RC0603JR-072K2L,RESC1608X65N,164.44,37.03,270.00,0,1,100,0,0,1,0
R133,RC0603FR-074K7L,RESC1608X65N,127.30,19.98,90.00,0,1,100,0,0,1,0
R134,RC0603FR-074K7L,RESC1608X65N,130.00,19.98,90.00,0,1,100,0,0,1,0
R135,RC0603FR-074K7L,RESC1608X65N,132.70,19.98,90.00,0,1,100,0,0,1,0
R136,RC0603FR-074K7L,RESC1608X65N,135.41,19.98,90.00,0,1,100,0,0,1,0
R137,RC0603FR-074K7L,RESC1608X65N,151.83,15.02,270.00,0,1,100,0,0,1,0
R138,RC0603FR-074K7L,RESC1608X65N,150.49,15.02,270.00,0,1,100,0,0,1,0
R139,RC0603FR-07510RL,RESC1608X65N,44.90,32.25,90.00,0,1,100,0,0,1,0
R140,RC0603FR-07510RL,RESC1608X65N,91.90,32.25,90.00,0,1,100,0,0,1,0
R141,RC0603JR-072K2L,RESC1608X65N,162.40,82.36,0.00,0,1,100,0,0,1,0
R142,RC0603FR-07220RL,RESC1608X65N,162.40,80.92,0.00,0,1,100,0,0,1,0
R143,RC0603FR-07220RL,RESC1608X65N,162.40,79.49,0.00,0,1,100,0,0,1,0
R144,RC0603JR-072K2L,RESC1608X65N,164.44,83.03,270.00,0,1,100,0,0,1,0
R145,RC0603JR-072K2L,RESC1608X65N,164.44,80.19,270.00,0,1,100,0,0,1,0
R146,RC0603JR-072K2L,RESC1608X65N,175.82,80.30,90.00,0,1,100,0,0,1,0
R147,RC0603JR-072K2L,RESC1608X65N,175.82,83.10,90.00,0,1,100,0,0,1,0
R148,RC0603JR-072K2L,RESC1608X65N,183.42,89.61,180.00,0,1,100,0,0,1,0
R149,RC0603JR-072K2L,RESC1608X65N,184.12,85.95,270.00,0,1,100,0,0,1,0
R150,RC0603JR-072K2L,RESC1608X65N,193.46,86.46,270.00,0,1,100,0,0,1,0
R151,RC0603JR-072K2L,RESC1608X65N,195.14,90.87,90.00,0,1,100,0,0,1,0
R152,RC0603FR-07510RL,RESC1608X65N,196.58,90.87,90.00,0,1,100,0,0,1,0
R153,RC0603FR-076K49L,RESC1608X65N,162.40,78.06,0.00,0,1,100,0,0,1,0
R154,RC0603FR-076K49L,RESC1608X65N,162.40,76.63,0.00,0,1,100,0,0,1,0
R155,RC0603JR-072K2L,RESC1608X65N,164.44,77.36,270.00,0,1,100,0,0,1,0
R156,RC0603JR-072K2L,RESC1608X65N,175.71,75.15,90.00,0,1,100,0,0,1,0
R157,RT0603BRD07432KL,RESC1608X65N,7.50,51.51,90.00,0,1,100,0,0,1,0
R158,RT0603BRD07432KL,RESC1608X65N,10.18,51.51,270.00,0,1,100,0,0,1,0
R159,RT0603BRD07432KL,RESC1608X65N,7.50,48.01,90.00,0,1,100,0,0,1,0
R160,RT0603BRD07432KL,RESC1608X65N,11.52,48.01,270.00,0,1,100,0,0,1,0
R161,RT0603BRD07432KL,RESC1608X65N,7.50,44.51,90.00,0,1,100,0,0,1,0
R162,RT0603BRD07432KL,RESC1608X65N,11.52,44.51,270.00,0,1,100,0,0,1,0
R163,RT0603BRD07432KL,RESC1608X65N,7.50,41.01,90.00,0,1,100,0,0,1,0
R164,RT0603BRD07432KL,RESC1608X65N,11.52,41.01,270.00,0,1,100,0,0,1,0
R165,RT0603BRD07432KL,RESC1608X65N,8.84,51.51,270.00,0,1,100,0,0,1,0
R166,RT0603BRD07432KL,RESC1608X65N,10.18,48.01,270.00,0,1,100,0,0,1,0
R167,RT0603BRD07432KL,RESC1608X65N,10.18,44.51,270.00,0,1,100,0,0,1,0
R168,RT0603BRD07432KL,RESC1608X65N,10.18,41.01,270.00,0,1,100,0,0,1,0
R169,RT0603BRD07432KL,RESC1608X65N,11.52,51.51,270.00,0,1,100,0,0,1,0
R170,RT0603BRD07432KL,RESC1608X65N,8.84,48.01,270.00,0,1,100,0,0,1,0
R171,RC0603JR-072K2L,RESC1608X65N,162.40,37.79,0.00,0,1,100,0,0,1,0
R172,RC0603JR-072K2L,RESC1608X65N,162.40,36.36,0.00,0,1,100,0,0,1,0
R173,RC0603JR-072K2L,RESC1608X65N,162.40,34.92,0.00,0,1,100,0,0,1,0
R174,RC0603JR-072K2L,RESC1608X65N,162.40,33.49,0.00,0,1,100,0,0,1,0
R175,RC0603JR-072K2L,RESC1608X65N,162.40,32.06,0.00,0,1,100,0,0,1,0
R176,RC0603JR-072K2L,RESC1608X65N,162.40,30.63,0.00,0,1,100,0,0,1,0
R177,RC0603JR-072K2L,RESC1608X65N,162.40,29.19,0.00,0,1,100,0,0,1,0
R178,RC0603JR-072K2L,RESC1608X65N,162.40,27.76,0.00,0,1,100,0,0,1,0
R179,RC0603JR-072K2L,RESC1608X65N,162.40,25.79,0.00,0,1,100,0,0,1,0
R180,RC0603JR-072K2L,RESC1608X65N,162.40,24.36,0.00,0,1,100,0,0,1,0
R181,RC0603JR-072K2L,RESC1608X65N,162.40,22.92,0.00,0,1,100,0,0,1,0
R182,RC0603JR-072K2L,RESC1608X65N,162.40,21.49,0.00,0,1,100,0,0,1,0
R183,RC0603JR-072K2L,RESC1608X65N,162.40,20.06,0.00,0,1,100,0,0,1,0
R184,RC0603JR-072K2L,RESC1608X65N,162.40,18.63,0.00,0,1,100,0,0,1,0
R185,RC0603JR-072K2L,RESC1608X65N,162.40,17.19,0.00,0,1,100,0,0,1,0
R186,RC0603JR-072K2L,RESC1608X65N,162.40,15.76,0.00,0,1,100,0,0,1,0
R187,RC0603JR-072K2L,RESC1608X65N,164.44,34.19,270.00,0,1,100,0,0,1,0
R188,RC0603FR-071KL,RESC1608X65N,196.15,15.02,270.00,0,1,100,0,0,1,0
R189,RC0603JR-072K2L,RESC1608X65N,164.44,31.36,270.00,0,1,100,0,0,1,0
R190,RC0603JR-072K2L,RESC1608X65N,164.44,28.52,270.00,0,1,100,0,0,1,0
R191,RC0603JR-072K2L,RESC1608X65N,164.44,25.03,270.00,0,1,100,0,0,1,0
R192,RC0603JR-072K2L,RESC1608X65N,164.44,22.19,270.00,0,1,100,0,0,1,0
R193,RC0603JR-072K2L,RESC1608X65N,164.44,19.36,270.00,0,1,100,0,0,1,0
R194,RC0603JR-072K2L,RESC1608X65N,164.44,16.52,270.00,0,1,100,0,0,1,0
R195,RC0603FR-074K7L,RESC1608X65N,175.76,37.45,180.00,0,1,100,0,0,1,0
R196,RC0603FR-074K7L,RESC1608X65N,175.76,25.45,180.00,0,1,100,0,0,1,0
R197,RC0603FR-074K7L,RESC1608X65N,175.76,34.91,180.00,0,1,100,0,0,1,0
R198,RC0603FR-074K7L,RESC1608X65N,175.76,22.91,180.00,0,1,100,0,0,1,0
R199,RC0603FR-074K7L,RESC1608X65N,175.76,32.37,180.00,0,1,100,0,0,1,0
R200,RC0603FR-074K7L,RESC1608X65N,175.76,20.37,180.00,0,1,100,0,0,1,0
R201,RC0603FR-074K7L,RESC1608X65N,175.76,29.83,180.00,0,1,100,0,0,1,0
R202,RC0603FR-074K7L,RESC1608X65N,175.76,17.83,180.00,0,1,100,0,0,1,0
R203,RC0603JR-072K2L,RESC1608X65N,162.40,61.73,0.00,0,1,100,0,0,1,0
R204,RC0603JR-072K2L,RESC1608X65N,162.40,60.36,0.00,0,1,100,0,0,1,0
R207,RC0603JR-072K2L,RESC1608X65N,162.40,56.06,0.00,0,1,100,0,0,1,0
R208,RC0603JR-072K2L,RESC1608X65N,162.40,54.63,0.00,0,1,100,0,0,1,0
R209,RC0603JR-072K2L,RESC1608X65N,162.40,53.19,0.00,0,1,100,0,0,1,0
R210,RC0603JR-072K2L,RESC1608X65N,162.40,51.76,0.00,0,1,100,0,0,1,0
R211,RC0603FR-07510RL,RESC1608X65N,162.40,49.79,0.00,0,1,100,0,0,1,0
R212,RC0603FR-07510RL,RESC1608X65N,162.40,48.36,0.00,0,1,100,0,0,1,0
R213,RC0603JR-072K2L,RESC1608X65N,162.40,46.92,0.00,0,1,100,0,0,1,0
R214,RC0603JR-072K2L,RESC1608X65N,162.40,45.49,0.00,0,1,100,0,0,1,0
R215,RC0603JR-072K2L,RESC1608X65N,162.40,44.06,0.00,0,1,100,0,0,1,0
R216,RC0603JR-072K2L,RESC1608X65N,162.40,42.63,0.00,0,1,100,0,0,1,0
R217,RC0603JR-072K2L,RESC1608X65N,162.40,41.19,0.00,0,1,100,0,0,1,0
R218,RC0603JR-072K2L,RESC1608X65N,162.40,39.76,0.00,0,1,100,0,0,1,0
R219,RC0603JR-072K2L,RESC1608X65N,164.44,61.03,270.00,0,1,100,0,0,1,0
R220,RC0603JR-072K2L,RESC1608X65N,164.44,58.19,270.00,0,1,100,0,0,1,0
R221,RC0603FR-074K7L,RESC1608X65N,198.83,15.02,270.00,0,1,100,0,0,1,0
R222,RC0603FR-074K7L,RESC1608X65N,197.49,15.02,270.00,0,1,100,0,0,1,0
R223,RC0603JR-072K2L,RESC1608X65N,164.44,55.36,270.00,0,1,100,0,0,1,0
R224,RC0603JR-072K2L,RESC1608X65N,164.44,52.52,270.00,0,1,100,0,0,1,0
R225,RC0603JR-072K2L,RESC1608X65N,164.44,49.03,270.00,0,1,100,0,0,1,0
R226,RC0603JR-072K2L,RESC1608X65N,164.44,46.19,270.00,0,1,100,0,0,1,0
R227,RC0603JR-072K2L,RESC1608X65N,164.44,43.36,270.00,0,1,100,0,0,1,0
R228,RC0603JR-072K2L,RESC1608X65N,164.44,40.52,270.00,0,1,100,0,0,1,0
R229,RC0603FR-074K7L,RESC1608X65N,175.76,61.45,180.00,0,1,100,0,0,1,0
R230,RC0603FR-074K7L,RESC1608X65N,175.76,49.45,180.00,0,1,100,0,0,1,0
R231,RC0603FR-074K7L,RESC1608X65N,175.76,58.91,180.00,0,1,100,0,0,1,0
R232,RC0603FR-074K7L,RESC1608X65N,175.76,46.91,180.00,0,1,100,0,0,1,0
R233,RC0603FR-074K7L,RESC1608X65N,175.76,56.37,180.00,0,1,100,0,0,1,0
R234,RC0603FR-074K7L,RESC1608X65N,175.76,44.37,180.00,0,1,100,0,0,1,0
R235,RC0603FR-074K7L,RESC1608X65N,175.76,53.83,180.00,0,1,100,0,0,1,0
R236,RC0603FR-074K7L,RESC1608X65N,175.76,41.83,180.00,0,1,100,0,0,1,0
R237,RT0603BRD07432KL,RESC1608X65N,8.84,44.51,270.00,0,1,100,0,0,1,0
R238,RT0603BRD07432KL,RESC1608X65N,8.84,41.01,270.00,0,1,100,0,0,1,0
R239,RT0603BRD07432KL,RESC1608X65N,7.50,37.51,90.00,0,1,100,0,0,1,0
R240,RT0603BRD07432KL,RESC1608X65N,10.18,37.51,270.00,0,1,100,0,0,1,0
R241,RT0603BRD07432KL,RESC1608X65N,7.50,34.01,90.00,0,1,100,0,0,1,0
R242,RT0603BRD07432KL,RESC1608X65N,11.52,34.01,270.00,0,1,100,0,0,1,0
R243,RT0603BRD07432KL,RESC1608X65N,7.50,30.51,90.00,0,1,100,0,0,1,0
R244,RT0603BRD07432KL,RESC1608X65N,11.52,30.51,270.00,0,1,100,0,0,1,0
R245,RT0603BRD07432KL,RESC1608X65N,7.50,27.01,90.00,0,1,100,0,0,1,0
R246,RT0603BRD07432KL,RESC1608X65N,11.52,27.01,270.00,0,1,100,0,0,1,0
R247,RT0603BRD07432KL,RESC1608X65N,8.84,37.51,270.00,0,1,100,0,0,1,0
R248,RT0603BRD07432KL,RESC1608X65N,10.18,34.01,270.00,0,1,100,0,0,1,0
R249,RT0603BRD07432KL,RESC1608X65N,10.18,30.51,270.00,0,1,100,0,0,1,0
R250,RT0603BRD07432KL,RESC1608X65N,10.18,27.01,270.00,0,1,100,0,0,1,0
R251,RT0603BRD07432KL,RESC1608X65N,11.52,37.51,270.00,0,1,100,0,0,1,0
R252,RT0603BRD07432KL,RESC1608X65N,8.84,34.01,270.00,0,1,100,0,0,1,0
R253,RC0603JR-072K2L,RESC1608X65N,162.40,73.04,0.00,0,1,100,0,0,1,0
R254,RC0603JR-072K2L,RESC1608X65N,162.40,71.61,0.00,0,1,100,0,0,1,0
R255,RC0603JR-072K2L,RESC1608X65N,162.40,70.17,0.00,0,1,100,0,0,1,0
R256,RC0603JR-072K2L,RESC1608X65N,162.40,68.74,0.00,0,1,100,0,0,1,0
R257,RC0603JR-072K2L,RESC1608X65N,162.40,67.31,0.00,0,1,100,0,0,1,0
R258,RC0603JR-072K2L,RESC1608X65N,162.40,65.88,0.00,0,1,100,0,0,1,0
R259,RC0603JR-072K2L,RESC1608X65N,162.40,64.44,0.00,0,1,100,0,0,1,0
R260,RC0603JR-072K2L,RESC1608X65N,162.40,63.07,0.00,0,1,100,0,0,1,0
R261,RC0603JR-072K2L,RESC1608X65N,164.44,72.28,270.00,0,1,100,0,0,1,0
R262,RC0603JR-072K2L,RESC1608X65N,164.44,69.44,270.00,0,1,100,0,0,1,0
R263,RC0603JR-072K2L,RESC1608X65N,164.44,66.61,270.00,0,1,100,0,0,1,0
R264,RC0603JR-072K2L,RESC1608X65N,164.44,63.77,270.00,0,1,100,0,0,1,0
R265,RC0603FR-074K7L,RESC1608X65N,175.66,70.87,90.00,0,1,100,0,0,1,0
R266,RC0603FR-074K7L,RESC1608X65N,176.43,67.02,180.00,0,1,100,0,0,1,0
R267,RC0603FR-074K7L,RESC1608X65N,176.43,65.62,180.00,0,1,100,0,0,1,0
R268,RC0603FR-074K7L,RESC1608X65N,176.43,64.20,180.00,0,1,100,0,0,1,0
R270,RC0603JR-070RL,RESC1608X65N,159.43,33.49,180.00,0,1,100,0,0,1,0
R271,RC0603JR-070RL,RESC1608X65N,159.43,30.63,180.00,0,1,100,0,0,1,0
R272,RC0805FR-075K1L,RESC2012X65N,132.85,73.81,270.00,0,1,100,0,0,1,0
R273,RT0603BRD07432KL,RESC1608X65N,135.75,74.70,180.00,0,1,100,0,0,1,0
R274,RT0603BRD07432KL,RESC1608X65N,135.75,70.68,180.00,0,1,100,0,0,1,0
R275,RT0603BRD07432KL,RESC1608X65N,135.75,72.02,180.00,0,1,100,0,0,1,0
R276,RT0603BRD07432KL,RESC1608X65N,135.75,73.36,180.00,0,1,100,0,0,1,0
R277,CRCW251210R0FKEG,RESC6331X50,119.80,78.30,180.00,0,1,100,0,0,1,0
R279,RC0805FR-075K1L,RESC2012X65N,122.85,73.81,270.00,0,1,100,0,0,1,0
R280,RT0603BRD07432KL,RESC1608X65N,8.84,30.51,270.00,0,1,100,0,0,1,0
R281,RT0603BRD07432KL,RESC1608X65N,8.84,27.01,270.00,0,1,100,0,0,1,0
R282,RC0603JR-072K2L,RESC1608X65N,199.70,88.91,0.00,0,1,100,0,0,1,0
R283,RC0603FR-07510RL,RESC1608X65N,199.70,87.57,180.00,0,1,100,0,0,1,0
R284,RC0603JR-072K2L,RESC1608X65N,195.81,84.09,180.00,0,1,100,0,0,1,0
R308,RC0603JR-072K2L,RESC1608X65N,10.26,91.95,180.00,0,1,100,0,0,1,0
R328,RC0603FR-074K7L,RESC1608X65N,44.95,19.65,90.00,0,1,100,0,0,1,0
R329,RC0603FR-074K7L,RESC1608X65N,47.65,19.65,90.00,0,1,100,0,0,1,0
R330,RC0603FR-074K7L,RESC1608X65N,50.35,19.65,90.00,0,1,100,0,0,1,0
R331,RC0603FR-074K7L,RESC1608X65N,53.06,19.65,90.00,0,1,100,0,0,1,0
R332,RC0603FR-074K7L,RESC1608X65N,56.60,19.66,90.00,0,1,100,0,0,1,0
R333,RC0603FR-074K7L,RESC1608X65N,59.30,19.66,90.00,0,1,100,0,0,1,0
R334,RC0603FR-071KL,RESC1608X65N,55.15,15.11,270.00,0,1,100,0,0,1,0
R335,RC0603FR-074K7L,RESC1608X65N,62.00,19.66,90.00,0,1,100,0,0,1,0
R336,RC0603FR-074K7L,RESC1608X65N,64.70,19.66,90.00,0,1,100,0,0,1,0
R337,RC0603FR-074K7L,RESC1608X65N,21.65,19.65,90.00,0,1,100,0,0,1,0
R338,RC0603FR-074K7L,RESC1608X65N,24.35,19.65,90.00,0,1,100,0,0,1,0
R339,RC0603FR-074K7L,RESC1608X65N,27.05,19.65,90.00,0,1,100,0,0,1,0
R340,RC0603FR-074K7L,RESC1608X65N,29.76,19.65,90.00,0,1,100,0,0,1,0
R341,RC0603FR-074K7L,RESC1608X65N,33.30,19.65,90.00,0,1,100,0,0,1,0
R342,RC0603FR-074K7L,RESC1608X65N,36.00,19.65,90.00,0,1,100,0,0,1,0
R343,RC0603FR-074K7L,RESC1608X65N,38.70,19.65,90.00,0,1,100,0,0,1,0
R344,RC0603FR-074K7L,RESC1608X65N,41.41,19.65,90.00,0,1,100,0,0,1,0
R345,RC0603FR-074K7L,RESC1608X65N,57.83,15.11,270.00,0,1,100,0,0,1,0
R346,RC0603FR-074K7L,RESC1608X65N,56.49,15.11,270.00,0,1,100,0,0,1,0
R380,RC1206FR-071KL,RESC3116X65N,184.52,27.43,90.00,0,1,100,0,0,1,0
SW1,TL3305AF260QG,ESWITCH,193.22,78.10,0.00,0,1,100,0,0,1,0
TR1,760390015,WURTH,197.97,46.80,270.00,0,1,100,0,0,1,0
U1,SN6501DBVR,SOT95P280X145-5N,197.97,54.73,90.00,0,1,100,0,0,1,0
U2,ISO1050DWR,SOIC127P1030X265-16,187.57,46.90,270.00,0,1,100,0,0,1,0
U3,TPS76350DBVR,SOT95P280X145-5N,192.28,37.80,90.00,0,1,100,0,0,1,0
U4,ULN2803CDWR,SOIC127P1030X265-20,170.47,90.65,270.00,0,1,100,0,0,1,0
U5,TPS7B6950QDBVRQ1,SOT95P280X145-5N,41.70,38.68,270.00,0,1,100,0,0,1,0
U6,TLP290-4(TPE,SOIC127P700X220-16,48.33,24.98,90.00,0,1,100,0,0,1,0
U7,TLP290-4(TPE,SOIC127P700X220-16,59.97,24.98,90.00,0,1,100,0,0,1,0
U8,TLP290-4(TPE,SOIC127P700X220-16,25.03,24.98,90.00,0,1,100,0,0,1,0
U9,TLP290-4(TPE,SOIC127P700X220-16,36.68,24.98,90.00,0,1,100,0,0,1,0
U10,TLP290-4(TPE,SOIC127P700X220-16,95.33,24.98,90.00,0,1,100,0,0,1,0
U11,TLP290-4(TPE,SOIC127P700X220-16,106.97,24.98,90.00,0,1,100,0,0,1,0
U12,TLP290-4(TPE,SOIC127P700X220-16,72.03,24.98,90.00,0,1,100,0,0,1,0
U13,TLP290-4(TPE,SOIC127P700X220-16,83.68,24.98,90.00,0,1,100,0,0,1,0
U14,ULN2803CDWR,SOIC127P1030X265-20,51.93,38.00,90.00,0,1,100,0,0,1,0
U15,ULN2803CDWR,SOIC127P1030X265-20,33.13,38.00,90.00,0,1,100,0,0,1,0
U16,TPS7B6950QDBVRQ1,SOT95P280X145-5N,88.80,38.68,270.00,0,1,100,0,0,1,0
U17,ULN2803CDWR,SOIC127P1030X265-20,98.94,38.00,90.00,0,1,100,0,0,1,0
U18,TLP290-4(TPE,SOIC127P700X220-16,170.44,33.01,0.00,0,1,100,0,0,1,0
U19,TLP290-4(TPE,SOIC127P700X220-16,170.44,21.00,0.00,0,1,100,0,0,1,0
U20,TLP290-4(TPE,SOIC127P700X220-16,170.44,57.01,0.00,0,1,100,0,0,1,0
U21,TLP290-4(TPE,SOIC127P700X220-16,170.44,45.01,0.00,0,1,100,0,0,1,0
U22,TLP290-4(TPE,SOIC127P700X220-16,170.44,68.05,0.00,0,1,100,0,0,1,0
U23,LT3060ETS8-5#TRMPBF,SOT65P280X100-8,146.35,74.20,180.00,0,1,100,0,0,1,0
U24,INA180A2IDBVR,SOT95P280X145-5N,129.79,74.40,180.00,0,1,100,0,0,1,0
U25,INA180A2IDBVR,SOT95P280X145-5N,119.80,74.40,180.00,0,1,100,0,0,1,0
U26,TLP290-4(TPE,SOIC127P700X220-16,170.44,79.00,0.00,0,1,100,0,0,1,0
U27,ULN2803CDWR,SOIC127P1030X265-20,80.13,38.00,90.00,0,1,100,0,0,1,0
U28,ACSL-6210-00RE,SOIC8P127,188.77,88.81,180.00,0,1,100,0,0,1,0
U29,LT3060ETS8-5#TRMPBF,SOT65P280X100-8,205.01,85.72,180.00,0,1,100,0,0,1,0
U30,NLVVHC1G126DFT1G,SOT65P210X110-5,196.87,86.36,90.00,0,1,100,0,0,1,0
VR1,B72520E0250K062,VARC3216X170N,204.54,18.35,180.00,0,1,100,0,0,1,0
XW1,CHS-04TB,COPAL,201.93,72.15,270.00,0,1,100,0,0,1,0
Y2,ECS-80-20-5PX-TR,XTAL1140X470X430,182.20,63.66,270.00,0,1,100,0,0,1,0
